{
  "position": "AIエンジニア",
  "industry": "ソフトウェア",
  "job_description": "AIエンジニアインターンとして、Pythonを用いたデータ処理、機械学習モデルの学習・評価、自然言語処理の実装に携わります。Generative AIを活用した会話型コマースのプロダクト開発や、チャットフォームのAIソリューション改善など、最先端のAI技術を活用したサービス開発に挑戦できます。",
  "company_size": "不明",
  "established": "不明"
}