{
  "position": "大規模言語モデルエンジニア",
  "industry": "ソフトウェア",
  "job_description": "大規模言語モデル（LLM）の研究開発および実装に従事し、AIの自然言語処理技術の最先端領域で革新的なソリューションを創出します。主な業務には、最新の言語モデルアーキテクチャの設計、機械学習フレームワークを用いたモデルの学習と最適化、プロンプトエンジニアリング、モデルの性能評価と改善、実際のアプリケーションへの実装が含まれます。",
  "company_size": "不明",
  "established": "不明"
}