{
  "position": "オフショアチームリーダー",
  "industry": "ソフトウェア",
  "job_description": "クラスメソッドベトナム拠点とのオフショア開発チームをリードし、顧客やベトナム開発チームを支援する役割です。プロジェクトマネジメント、アジャイル開発、多国籍チーム運営などを通じて、顧客のプロダクト成功に貢献します。",
  "company_size": "101～500人",
  "established": "不明"
}