{
  "position": "AIエンジニア",
  "industry": "ソフトウェア",
  "job_description": "外観検査AIソリューション『メキキバイト』の開発において、AIアルゴリズムの実装と改善に取り組み、プログラムの実験・開発、AIアルゴリズムの改修、最新AI技術の調査と実装、プログラムのデバッグとテスト作成、データのアノテーションなどを行います。",
  "company_size": "101～500人",
  "established": "不明"
}