{
  "position": "編集長／副編集長／プロンプトエンジニア",
  "industry": "インターネットサービス",
  "job_description": "コンテンツの品質管理と進行管理を行い、メディア全体のアウトプットを向上させる役割。具体的には、コンテンツ企画・制作、メディアディレクション、編集スタッフの指導育成、新規メディア立ち上げ、事業目的に沿ったメディア訴求力の最大化などを担当。",
  "company_size": "101～500人",
  "established": "創立30年以上"
}