{
  "position": "Generative AIエンジニア",
  "industry": "ソフトウェア",
  "job_description": "日本コカ・コーラ株式会社の「毎ドラ部」プロジェクトにおいて、AI技術を駆使してユーザーの写真から歌詞とジャケット画像を自動生成するシステムを開発。写真解析、歌詞生成、音声合成、推論サーバーの構築など、高度な生成AIの技術を活用したコンテンツ制作を手がけています。",
  "company_size": "不明",
  "established": "不明"
}