{
  "position": "新規事業開発マネージャー",
  "industry": "ビジネスクリエイティブ",
  "job_description": "人材マッチング事業の立ち上げを担う責任者として、エンジニアやプロジェクトマネージャーの人材登録推進、マーケティング戦略の企画立案、企業への営業活動を行う。ゼロからの事業立ち上げに挑戦し、新規事業の成長を牽引する役割を担う。",
  "company_size": "不明",
  "established": "不明"
}