{
  "position": "カスタマーサクセスマネージャー",
  "industry": "ソフトウェア",
  "job_description": "AI Products事業部のカスタマーサクセスマネージャーとして、AIプロダクトの顧客導入支援と顧客満足度向上に従事。企業クライアントへのAIソリューション提案、導入前後のコンサルティング、技術的サポート、顧客ニーズの分析と製品改善提案を行う。",
  "company_size": "101～500人",
  "established": "不明"
}